timestamp,value,status
2023-05-11T06:34:36.000,0.063516594,ok
2023-05-11T06:34:37.000,0.06347753,ok
2023-05-11T06:34:38.000,0.06320409,ok
2023-05-11T06:34:39.000,0.063282214,ok
2023-05-11T06:34:40.000,0.06332128,ok
2023-05-11T06:34:41.000,0.06332128,ok
2023-05-11T06:34:42.000,0.06336034,ok
2023-05-11T06:34:43.000,0.06336034,ok
2023-05-11T06:34:44.000,0.06336034,ok
2023-05-11T06:34:45.000,0.063399404,ok
2023-05-11T06:34:46.000,0.06332128,ok
2023-05-11T06:34:47.000,0.06343847,ok
2023-05-11T06:34:48.000,0.06336034,ok
2023-05-11T06:34:49.000,0.06347753,ok
2023-05-11T06:34:50.000,0.063399404,ok
2023-05-11T06:34:51.000,0.06343847,ok
2023-05-11T06:34:52.000,0.06343847,ok
2023-05-11T06:34:53.000,0.063399404,ok
2023-05-11T06:34:54.000,0.06336034,ok
2023-05-11T06:34:55.000,0.063399404,ok
2023-05-11T06:34:56.000,0.06336034,ok
2023-05-11T06:34:57.000,0.06336034,ok
2023-05-11T06:34:58.000,0.063399404,ok
2023-05-11T06:34:59.000,0.063399404,ok
2023-05-11T06:35:00.000,0.06343847,ok
2023-05-11T06:35:01.000,0.063399404,ok
2023-05-11T06:35:02.000,0.06343847,ok
2023-05-11T06:35:03.000,0.063399404,ok
2023-05-11T06:35:04.000,0.06343847,ok
2023-05-11T06:35:05.000,0.06347753,ok
2023-05-11T06:35:06.000,0.063399404,ok
2023-05-11T06:35:07.000,0.063516594,ok
2023-05-11T06:35:08.000,0.06379004,ok
2023-05-11T06:35:09.000,0.06379004,ok
2023-05-11T06:35:10.000,0.063750975,ok
2023-05-11T06:35:11.000,0.06371191,ok
2023-05-11T06:35:12.000,0.06367285,ok
2023-05-11T06:35:13.000,0.063633785,ok
2023-05-11T06:35:14.000,0.06371191,ok
2023-05-11T06:35:15.000,0.063633785,ok
2023-05-11T06:35:16.000,0.063633785,ok
2023-05-11T06:35:17.000,0.063633785,ok
2023-05-11T06:35:18.000,0.06367285,ok
2023-05-11T06:35:19.000,0.063633785,ok
2023-05-11T06:35:20.000,0.063516594,ok
2023-05-11T06:35:21.000,0.063633785,ok
2023-05-11T06:35:22.000,0.06359472,ok
2023-05-11T06:35:23.000,0.063516594,ok
2023-05-11T06:35:24.000,0.063516594,ok
2023-05-11T06:35:25.000,0.06347753,ok
2023-05-11T06:35:26.000,0.06347753,ok
2023-05-11T06:35:27.000,0.063399404,ok
2023-05-11T06:35:28.000,0.06343847,ok
2023-05-11T06:35:29.000,0.063516594,ok
2023-05-11T06:35:30.000,0.06347753,ok
2023-05-11T06:35:31.000,0.06347753,ok
2023-05-11T06:35:32.000,0.06355566,ok
2023-05-11T06:35:33.000,0.06347753,ok
2023-05-11T06:35:34.000,0.06347753,ok
2023-05-11T06:35:35.000,0.06343847,ok
2023-05-11T06:35:36.000,0.063516594,ok
2023-05-11T06:35:37.000,0.06343847,ok
2023-05-11T06:35:38.000,0.063399404,ok
2023-05-11T06:35:39.000,0.06347753,ok
2023-05-11T06:35:40.000,0.06347753,ok
2023-05-11T06:35:41.000,0.063399404,ok
2023-05-11T06:35:42.000,0.063399404,ok
2023-05-11T06:35:43.000,0.06347753,ok
2023-05-11T06:35:44.000,0.06347753,ok
2023-05-11T06:35:45.000,0.06343847,ok
2023-05-11T06:35:46.000,0.06343847,ok
2023-05-11T06:35:47.000,0.06347753,ok
2023-05-11T06:35:48.000,0.06343847,ok
2023-05-11T06:35:49.000,0.063399404,ok
2023-05-11T06:35:50.000,0.06343847,ok
2023-05-11T06:35:51.000,0.063399404,ok
2023-05-11T06:35:52.000,0.063399404,ok
2023-05-11T06:35:53.000,0.06343847,ok
2023-05-11T06:35:54.000,0.06343847,ok
2023-05-11T06:35:55.000,0.063399404,ok
2023-05-11T06:35:56.000,0.06343847,ok
2023-05-11T06:35:57.000,0.06336034,ok
2023-05-11T06:35:58.000,0.063399404,ok
2023-05-11T06:35:59.000,0.063399404,ok
2023-05-11T06:36:00.000,0.063399404,ok
2023-05-11T06:36:01.000,0.06336034,ok
2023-05-11T06:36:02.000,0.063399404,ok
2023-05-11T06:36:03.000,0.06343847,ok
2023-05-11T06:36:04.000,0.06347753,ok
2023-05-11T06:36:05.000,0.063399404,ok
2023-05-11T06:36:06.000,0.063399404,ok
2023-05-11T06:36:07.000,0.06336034,ok
2023-05-11T06:36:08.000,0.06336034,ok
2023-05-11T06:36:09.000,0.063399404,ok
2023-05-11T06:36:10.000,0.063399404,ok
2023-05-11T06:36:11.000,0.06336034,ok
2023-05-11T06:36:12.000,0.063399404,ok
2023-05-11T06:36:13.000,0.063399404,ok
2023-05-11T06:36:14.000,0.06343847,ok
2023-05-11T06:36:15.000,0.063399404,ok
2023-05-11T06:36:16.000,0.06336034,ok
2023-05-11T06:36:17.000,0.06336034,ok
2023-05-11T06:36:18.000,0.06347753,ok
2023-05-11T06:36:19.000,0.063399404,ok
2023-05-11T06:36:20.000,0.06343847,ok
2023-05-11T06:36:21.000,0.06336034,ok
2023-05-11T06:36:22.000,0.063399404,ok
2023-05-11T06:36:23.000,0.06336034,ok
2023-05-11T06:36:24.000,0.06336034,ok
2023-05-11T06:36:25.000,0.06332128,ok
2023-05-11T06:36:26.000,0.06336034,ok
2023-05-11T06:36:27.000,0.06336034,ok
2023-05-11T06:36:28.000,0.063399404,ok
2023-05-11T06:36:29.000,0.063399404,ok
2023-05-11T06:36:30.000,0.06336034,ok
2023-05-11T06:36:31.000,0.06343847,ok
2023-05-11T06:36:32.000,0.06343847,ok
2023-05-11T06:36:33.000,0.063399404,ok
2023-05-11T06:36:34.000,0.063399404,ok
2023-05-11T06:36:35.000,0.063399404,ok
2023-05-11T06:36:36.000,0.063399404,ok
2023-05-11T06:36:37.000,0.06343847,ok
2023-05-11T06:36:38.000,0.06336034,ok
2023-05-11T06:36:39.000,0.063399404,ok
2023-05-11T06:36:40.000,0.063399404,ok
2023-05-11T06:36:41.000,0.063399404,ok
2023-05-11T06:36:42.000,0.063399404,ok
2023-05-11T06:36:43.000,0.06332128,ok
2023-05-11T06:36:44.000,0.06336034,ok
2023-05-11T06:36:45.000,0.063399404,ok
2023-05-11T06:36:46.000,0.063399404,ok
2023-05-11T06:36:47.000,0.063399404,ok
2023-05-11T06:36:48.000,0.06336034,ok
2023-05-11T06:36:49.000,0.06336034,ok
2023-05-11T06:36:50.000,0.06336034,ok
2023-05-11T06:36:51.000,0.063399404,ok
2023-05-11T06:36:52.000,0.063399404,ok
2023-05-11T06:36:53.000,0.06336034,ok
2023-05-11T06:36:54.000,0.06336034,ok
2023-05-11T06:36:55.000,0.063399404,ok
2023-05-11T06:36:56.000,0.06336034,ok
2023-05-11T06:36:57.000,0.063399404,ok
2023-05-11T06:36:58.000,0.063399404,ok
2023-05-11T06:36:59.000,0.063399404,ok
2023-05-11T06:37:00.000,0.06336034,ok
2023-05-11T06:37:01.000,0.063399404,ok
2023-05-11T06:37:02.000,0.06343847,ok
2023-05-11T06:37:03.000,0.06336034,ok
2023-05-11T06:37:04.000,0.063399404,ok
2023-05-11T06:37:05.000,0.06336034,ok
2023-05-11T06:37:06.000,0.06336034,ok
2023-05-11T06:37:07.000,0.06336034,ok
2023-05-11T06:37:08.000,0.06336034,ok
2023-05-11T06:37:09.000,0.06343847,ok
2023-05-11T06:37:10.000,0.06336034,ok
2023-05-11T06:37:11.000,0.063399404,ok
2023-05-11T06:37:12.000,0.063399404,ok
2023-05-11T06:37:13.000,0.06336034,ok
2023-05-11T06:37:14.000,0.063399404,ok
2023-05-11T06:37:15.000,0.06336034,ok
2023-05-11T06:37:16.000,0.06336034,ok
2023-05-11T06:37:17.000,0.063399404,ok
2023-05-11T06:37:18.000,0.063399404,ok
2023-05-11T06:37:19.000,0.063399404,ok
2023-05-11T06:37:20.000,0.06332128,ok
2023-05-11T06:37:21.000,0.06332128,ok
2023-05-11T06:37:22.000,0.06336034,ok
2023-05-11T06:37:23.000,0.06336034,ok
2023-05-11T06:37:24.000,0.06336034,ok
2023-05-11T06:37:25.000,0.06332128,ok
2023-05-11T06:37:26.000,0.06336034,ok
2023-05-11T06:37:27.000,0.06332128,ok
2023-05-11T06:37:28.000,0.06336034,ok
2023-05-11T06:37:29.000,0.063399404,ok
2023-05-11T06:37:30.000,0.06332128,ok
2023-05-11T06:37:31.000,0.06343847,ok
2023-05-11T06:37:32.000,0.06332128,ok
2023-05-11T06:37:33.000,0.06336034,ok
2023-05-11T06:37:34.000,0.06332128,ok
2023-05-11T06:37:35.000,0.06332128,ok
2023-05-11T06:37:36.000,0.06336034,ok
2023-05-11T06:37:37.000,0.063399404,ok
2023-05-11T06:37:38.000,0.06336034,ok
2023-05-11T06:37:39.000,0.063399404,ok
2023-05-11T06:37:40.000,0.06336034,ok
2023-05-11T06:37:41.000,0.06336034,ok
2023-05-11T06:37:42.000,0.063399404,ok
2023-05-11T06:37:43.000,0.06336034,ok
2023-05-11T06:37:44.000,0.06336034,ok
2023-05-11T06:37:45.000,0.06336034,ok
2023-05-11T06:37:46.000,0.06336034,ok
2023-05-11T06:37:47.000,0.063399404,ok
2023-05-11T06:37:48.000,0.06336034,ok
2023-05-11T06:37:49.000,0.06336034,ok
2023-05-11T06:37:50.000,0.063399404,ok
2023-05-11T06:37:51.000,0.063399404,ok
2023-05-11T06:37:52.000,0.06336034,ok
2023-05-11T06:37:53.000,0.06336034,ok
2023-05-11T06:37:54.000,0.06332128,ok
2023-05-11T06:37:55.000,0.063399404,ok
2023-05-11T06:37:56.000,0.06332128,ok
2023-05-11T06:37:57.000,0.06332128,ok
2023-05-11T06:37:58.000,0.06332128,ok
2023-05-11T06:37:59.000,0.06332128,ok
2023-05-11T06:38:00.000,0.06336034,ok
2023-05-11T06:38:01.000,0.06336034,ok
2023-05-11T06:38:02.000,0.06332128,ok
2023-05-11T06:38:03.000,0.06332128,ok
2023-05-11T06:38:04.000,0.06332128,ok
2023-05-11T06:38:05.000,0.06336034,ok
2023-05-11T06:38:06.000,0.063282214,ok
2023-05-11T06:38:07.000,0.06332128,ok
2023-05-11T06:38:08.000,0.06332128,ok
2023-05-11T06:38:09.000,0.06332128,ok
2023-05-11T06:38:10.000,0.06332128,ok
2023-05-11T06:38:11.000,0.06332128,ok
2023-05-11T06:38:12.000,0.06332128,ok
2023-05-11T06:38:13.000,0.06332128,ok
2023-05-11T06:38:14.000,0.06336034,ok
2023-05-11T06:38:15.000,0.06336034,ok
2023-05-11T06:38:16.000,0.06332128,ok
2023-05-11T06:38:17.000,0.06332128,ok
2023-05-11T06:38:18.000,0.063282214,ok
2023-05-11T06:38:19.000,0.063282214,ok
2023-05-11T06:38:20.000,0.06332128,ok
2023-05-11T06:38:21.000,0.063282214,ok
2023-05-11T06:38:22.000,0.063282214,ok
2023-05-11T06:38:23.000,0.06332128,ok
2023-05-11T06:38:24.000,0.06332128,ok
2023-05-11T06:38:25.000,0.06324315,ok
2023-05-11T06:38:26.000,0.063282214,ok
2023-05-11T06:38:27.000,0.06324315,ok
2023-05-11T06:38:28.000,0.06332128,ok
2023-05-11T06:38:29.000,0.063282214,ok
2023-05-11T06:38:30.000,0.06332128,ok
2023-05-11T06:38:31.000,0.06332128,ok
2023-05-11T06:38:32.000,0.06332128,ok
2023-05-11T06:38:33.000,0.06336034,ok
2023-05-11T06:38:34.000,0.063282214,ok
2023-05-11T06:38:35.000,0.06336034,ok
2023-05-11T06:38:36.000,0.06336034,ok
2023-05-11T06:38:37.000,0.06332128,ok
2023-05-11T06:38:38.000,0.06332128,ok
2023-05-11T06:38:39.000,0.06332128,ok
2023-05-11T06:38:40.000,0.063399404,ok
2023-05-11T06:38:41.000,0.06336034,ok
2023-05-11T06:38:42.000,0.063399404,ok
2023-05-11T06:38:43.000,0.06336034,ok
2023-05-11T06:38:44.000,0.06332128,ok
2023-05-11T06:38:45.000,0.06336034,ok
2023-05-11T06:38:46.000,0.06336034,ok
2023-05-11T06:38:47.000,0.06332128,ok
2023-05-11T06:38:48.000,0.06332128,ok
2023-05-11T06:38:49.000,0.06336034,ok
2023-05-11T06:38:50.000,0.063399404,ok
2023-05-11T06:38:51.000,0.06336034,ok
2023-05-11T06:38:52.000,0.063399404,ok
2023-05-11T06:38:53.000,0.06336034,ok
2023-05-11T06:38:54.000,0.06336034,ok
2023-05-11T06:38:55.000,0.06336034,ok
2023-05-11T06:38:56.000,0.06332128,ok
2023-05-11T06:38:57.000,0.063282214,ok
2023-05-11T06:38:58.000,0.06336034,ok
2023-05-11T06:38:59.000,0.063282214,ok
2023-05-11T06:39:00.000,0.06336034,ok
2023-05-11T06:39:01.000,0.06336034,ok
2023-05-11T06:39:02.000,0.063399404,ok
2023-05-11T06:39:03.000,0.06336034,ok
2023-05-11T06:39:04.000,0.06332128,ok
2023-05-11T06:39:05.000,0.06332128,ok
2023-05-11T06:39:06.000,0.06336034,ok
2023-05-11T06:39:07.000,0.063399404,ok
2023-05-11T06:39:08.000,0.06336034,ok
2023-05-11T06:39:09.000,0.06336034,ok
2023-05-11T06:39:10.000,0.063399404,ok
2023-05-11T06:39:11.000,0.06336034,ok
2023-05-11T06:39:12.000,0.063399404,ok
2023-05-11T06:39:13.000,0.06336034,ok
2023-05-11T06:39:14.000,0.06336034,ok
2023-05-11T06:39:15.000,0.06336034,ok
2023-05-11T06:39:16.000,0.06332128,ok
2023-05-11T06:39:17.000,0.06332128,ok
2023-05-11T06:39:18.000,0.06336034,ok
2023-05-11T06:39:19.000,0.06332128,ok
2023-05-11T06:39:20.000,0.06332128,ok
2023-05-11T06:39:21.000,0.06332128,ok
2023-05-11T06:39:22.000,0.06336034,ok
2023-05-11T06:39:23.000,0.06332128,ok
2023-05-11T06:39:24.000,0.06332128,ok
2023-05-11T06:39:25.000,0.06332128,ok
2023-05-11T06:39:26.000,0.06332128,ok
2023-05-11T06:39:27.000,0.06324315,ok
2023-05-11T06:39:28.000,0.06332128,ok
2023-05-11T06:39:29.000,0.06336034,ok
2023-05-11T06:39:30.000,0.06332128,ok
2023-05-11T06:39:31.000,0.06324315,ok
2023-05-11T06:39:32.000,0.06336034,ok
2023-05-11T06:39:33.000,0.06332128,ok
2023-05-11T06:39:34.000,0.06332128,ok
2023-05-11T06:39:35.000,0.06332128,ok
2023-05-11T06:39:36.000,0.063282214,ok
2023-05-11T06:39:37.000,0.063282214,ok
2023-05-11T06:39:38.000,0.06332128,ok
2023-05-11T06:39:39.000,0.06336034,ok
2023-05-11T06:39:40.000,0.06336034,ok
2023-05-11T06:39:41.000,0.06332128,ok
2023-05-11T06:39:42.000,0.06332128,ok
2023-05-11T06:39:43.000,0.063282214,ok
2023-05-11T06:39:44.000,0.063282214,ok
2023-05-11T06:39:45.000,0.06336034,ok
2023-05-11T06:39:46.000,0.06324315,ok
2023-05-11T06:39:47.000,0.063282214,ok
2023-05-11T06:39:48.000,0.06332128,ok
2023-05-11T06:39:49.000,0.06324315,ok
2023-05-11T06:39:50.000,0.063282214,ok
2023-05-11T06:39:51.000,0.063282214,ok
2023-05-11T06:39:52.000,0.06332128,ok
2023-05-11T06:39:53.000,0.06332128,ok
2023-05-11T06:39:54.000,0.06332128,ok
2023-05-11T06:39:55.000,0.06332128,ok
2023-05-11T06:39:56.000,0.063282214,ok
2023-05-11T06:39:57.000,0.06332128,ok
2023-05-11T06:39:58.000,0.06332128,ok
2023-05-11T06:39:59.000,0.06332128,ok
2023-05-11T06:40:00.000,0.06332128,ok
2023-05-11T06:40:01.000,0.06332128,ok
2023-05-11T06:40:02.000,0.06336034,ok
2023-05-11T06:40:03.000,0.06336034,ok
2023-05-11T06:40:04.000,0.063282214,ok
2023-05-11T06:40:05.000,0.06332128,ok
2023-05-11T06:40:06.000,0.06332128,ok
2023-05-11T06:40:07.000,0.063282214,ok
2023-05-11T06:40:08.000,0.063399404,ok
2023-05-11T06:40:09.000,0.06336034,ok
2023-05-11T06:40:10.000,0.06332128,ok
2023-05-11T06:40:11.000,0.06336034,ok
2023-05-11T06:40:12.000,0.06332128,ok
2023-05-11T06:40:13.000,0.06332128,ok
2023-05-11T06:40:14.000,0.06332128,ok
2023-05-11T06:40:15.000,0.063399404,ok
2023-05-11T06:40:16.000,0.06336034,ok
2023-05-11T06:40:17.000,0.06332128,ok
2023-05-11T06:40:18.000,0.06332128,ok
2023-05-11T06:40:19.000,0.06336034,ok
2023-05-11T06:40:20.000,0.06336034,ok
2023-05-11T06:40:21.000,0.06336034,ok
2023-05-11T06:40:22.000,0.06336034,ok
2023-05-11T06:40:23.000,0.06332128,ok
2023-05-11T06:40:24.000,0.06332128,ok
2023-05-11T06:40:25.000,0.06336034,ok
2023-05-11T06:40:26.000,0.063282214,ok
2023-05-11T06:40:27.000,0.063282214,ok
2023-05-11T06:40:28.000,0.06336034,ok
2023-05-11T06:40:29.000,0.06336034,ok
2023-05-11T06:40:30.000,0.063282214,ok
2023-05-11T06:40:31.000,0.06336034,ok
2023-05-11T06:40:32.000,0.06332128,ok
2023-05-11T06:40:33.000,0.06336034,ok
2023-05-11T06:40:34.000,0.06336034,ok
2023-05-11T06:40:35.000,0.06332128,ok
2023-05-11T06:40:36.000,0.06332128,ok
2023-05-11T06:40:37.000,0.06332128,ok
2023-05-11T06:40:38.000,0.06336034,ok
2023-05-11T06:40:39.000,0.06336034,ok
2023-05-11T06:40:40.000,0.06332128,ok
2023-05-11T06:40:41.000,0.06332128,ok
2023-05-11T06:40:42.000,0.063282214,ok
2023-05-11T06:40:43.000,0.06332128,ok
2023-05-11T06:40:44.000,0.06332128,ok
2023-05-11T06:40:45.000,0.06336034,ok
2023-05-11T06:40:46.000,0.06336034,ok
2023-05-11T06:40:47.000,0.063282214,ok
2023-05-11T06:40:48.000,0.06332128,ok
2023-05-11T06:40:49.000,0.063282214,ok
2023-05-11T06:40:50.000,0.06332128,ok
2023-05-11T06:40:51.000,0.06336034,ok
2023-05-11T06:40:52.000,0.06336034,ok
2023-05-11T06:40:53.000,0.063282214,ok
2023-05-11T06:40:54.000,0.06336034,ok
2023-05-11T06:40:55.000,0.063399404,ok
2023-05-11T06:40:56.000,0.06336034,ok
2023-05-11T06:40:57.000,0.06336034,ok
2023-05-11T06:40:58.000,0.063399404,ok
2023-05-11T06:40:59.000,0.063399404,ok
2023-05-11T06:41:00.000,0.06347753,ok
2023-05-11T06:41:01.000,0.06343847,ok
2023-05-11T06:41:02.000,0.06347753,ok
2023-05-11T06:41:03.000,0.06347753,ok
2023-05-11T06:41:04.000,0.06347753,ok
2023-05-11T06:41:05.000,0.06359472,ok
2023-05-11T06:41:06.000,0.06355566,ok
2023-05-11T06:41:07.000,0.06347753,ok
2023-05-11T06:41:08.000,0.063516594,ok
2023-05-11T06:41:09.000,0.063633785,ok
2023-05-11T06:41:10.000,0.06347753,ok
2023-05-11T06:41:11.000,0.06355566,ok
2023-05-11T06:41:12.000,0.06359472,ok
2023-05-11T06:41:13.000,0.063516594,ok
2023-05-11T06:41:14.000,0.06347753,ok
2023-05-11T06:41:15.000,0.06355566,ok
2023-05-11T06:41:16.000,0.06355566,ok
2023-05-11T06:41:17.000,0.063399404,ok
2023-05-11T06:41:18.000,0.063399404,ok
2023-05-11T06:41:19.000,0.063399404,ok
2023-05-11T06:41:20.000,0.06347753,ok
2023-05-11T06:41:21.000,0.06347753,ok
2023-05-11T06:41:22.000,0.06343847,ok
2023-05-11T06:41:23.000,0.06343847,ok
2023-05-11T06:41:24.000,0.063399404,ok
2023-05-11T06:41:25.000,0.063399404,ok
2023-05-11T06:41:26.000,0.06336034,ok
2023-05-11T06:41:27.000,0.06336034,ok
2023-05-11T06:41:28.000,0.063399404,ok
2023-05-11T06:41:29.000,0.06336034,ok
2023-05-11T06:41:30.000,0.06336034,ok
2023-05-11T06:41:31.000,0.06336034,ok
2023-05-11T06:41:32.000,0.06332128,ok
2023-05-11T06:41:33.000,0.063399404,ok
2023-05-11T06:41:34.000,0.06336034,ok
2023-05-11T06:41:35.000,0.063399404,ok
2023-05-11T06:41:36.000,0.063399404,ok
2023-05-11T06:41:37.000,0.06332128,ok
2023-05-11T06:41:38.000,0.06336034,ok
2023-05-11T06:41:39.000,0.063399404,ok
2023-05-11T06:41:40.000,0.063282214,ok
2023-05-11T06:41:41.000,0.06336034,ok
2023-05-11T06:41:42.000,0.06332128,ok
2023-05-11T06:41:43.000,0.063282214,ok
2023-05-11T06:41:44.000,0.063282214,ok
2023-05-11T06:41:45.000,0.06332128,ok
2023-05-11T06:41:46.000,0.06332128,ok
2023-05-11T06:41:47.000,0.06332128,ok
2023-05-11T06:41:48.000,0.06332128,ok
2023-05-11T06:41:49.000,0.06336034,ok
2023-05-11T06:41:50.000,0.06336034,ok
2023-05-11T06:41:51.000,0.063282214,ok
2023-05-11T06:41:52.000,0.063282214,ok
2023-05-11T06:41:53.000,0.06332128,ok
2023-05-11T06:41:54.000,0.06332128,ok
2023-05-11T06:41:55.000,0.06332128,ok
2023-05-11T06:41:56.000,0.063282214,ok
2023-05-11T06:41:57.000,0.06336034,ok
2023-05-11T06:41:58.000,0.06332128,ok
2023-05-11T06:41:59.000,0.06332128,ok
2023-05-11T06:42:00.000,0.06332128,ok
2023-05-11T06:42:01.000,0.06336034,ok
2023-05-11T06:42:02.000,0.063282214,ok
2023-05-11T06:42:03.000,0.06336034,ok
2023-05-11T06:42:04.000,0.06336034,ok
2023-05-11T06:42:05.000,0.06332128,ok
2023-05-11T06:42:06.000,0.06332128,ok
2023-05-11T06:42:07.000,0.06332128,ok
2023-05-11T06:42:08.000,0.06332128,ok
2023-05-11T06:42:09.000,0.06332128,ok
2023-05-11T06:42:10.000,0.06332128,ok
2023-05-11T06:42:11.000,0.063282214,ok
2023-05-11T06:42:12.000,0.06332128,ok
2023-05-11T06:42:13.000,0.063282214,ok
2023-05-11T06:42:14.000,0.06332128,ok
2023-05-11T06:42:15.000,0.06332128,ok
2023-05-11T06:42:16.000,0.063282214,ok
2023-05-11T06:42:17.000,0.06332128,ok
2023-05-11T06:42:18.000,0.06332128,ok
2023-05-11T06:42:19.000,0.06332128,ok
2023-05-11T06:42:20.000,0.06332128,ok
2023-05-11T06:42:21.000,0.06332128,ok
2023-05-11T06:42:22.000,0.06336034,ok
2023-05-11T06:42:23.000,0.06332128,ok
2023-05-11T06:42:24.000,0.06332128,ok
2023-05-11T06:42:25.000,0.06332128,ok
2023-05-11T06:42:26.000,0.06332128,ok
2023-05-11T06:42:27.000,0.06332128,ok
2023-05-11T06:42:28.000,0.06332128,ok
2023-05-11T06:42:29.000,0.06332128,ok
2023-05-11T06:42:30.000,0.06332128,ok
2023-05-11T06:42:31.000,0.06332128,ok
2023-05-11T06:42:32.000,0.06336034,ok
2023-05-11T06:42:33.000,0.06332128,ok
2023-05-11T06:42:34.000,0.06332128,ok
2023-05-11T06:42:35.000,0.06332128,ok
2023-05-11T06:42:36.000,0.06332128,ok
2023-05-11T06:42:37.000,0.063282214,ok
2023-05-11T06:42:38.000,0.06332128,ok
2023-05-11T06:42:39.000,0.06332128,ok
2023-05-11T06:42:40.000,0.06332128,ok
2023-05-11T06:42:41.000,0.063282214,ok
2023-05-11T06:42:42.000,0.06332128,ok
2023-05-11T06:42:43.000,0.06332128,ok
2023-05-11T06:42:44.000,0.06332128,ok
2023-05-11T06:42:45.000,0.06332128,ok
2023-05-11T06:42:46.000,0.06332128,ok
2023-05-11T06:42:47.000,0.06332128,ok
2023-05-11T06:42:48.000,0.06332128,ok
2023-05-11T06:42:49.000,0.06332128,ok
2023-05-11T06:42:50.000,0.063282214,ok
2023-05-11T06:42:51.000,0.06336034,ok
2023-05-11T06:42:52.000,0.063282214,ok
2023-05-11T06:42:53.000,0.06332128,ok
2023-05-11T06:42:54.000,0.06332128,ok
2023-05-11T06:42:55.000,0.063282214,ok
2023-05-11T06:42:56.000,0.06332128,ok
2023-05-11T06:42:57.000,0.06332128,ok
2023-05-11T06:42:58.000,0.06324315,ok
2023-05-11T06:42:59.000,0.063282214,ok
2023-05-11T06:43:00.000,0.063282214,ok
2023-05-11T06:43:01.000,0.06332128,ok
2023-05-11T06:43:02.000,0.063282214,ok
2023-05-11T06:43:03.000,0.06332128,ok
2023-05-11T06:43:04.000,0.063282214,ok
2023-05-11T06:43:05.000,0.06332128,ok
2023-05-11T06:43:06.000,0.06332128,ok
2023-05-11T06:43:07.000,0.06332128,ok
2023-05-11T06:43:08.000,0.063282214,ok
2023-05-11T06:43:09.000,0.06332128,ok
2023-05-11T06:43:10.000,0.063282214,ok
2023-05-11T06:43:11.000,0.063282214,ok
2023-05-11T06:43:12.000,0.06332128,ok
2023-05-11T06:43:13.000,0.063282214,ok
2023-05-11T06:43:14.000,0.063399404,ok
2023-05-11T06:43:15.000,0.063282214,ok
2023-05-11T06:43:16.000,0.06332128,ok
2023-05-11T06:43:17.000,0.06332128,ok
2023-05-11T06:43:18.000,0.063282214,ok
2023-05-11T06:43:19.000,0.06332128,ok
2023-05-11T06:43:20.000,0.06336034,ok
2023-05-11T06:43:21.000,0.06332128,ok
2023-05-11T06:43:22.000,0.06332128,ok
2023-05-11T06:43:23.000,0.063282214,ok
2023-05-11T06:43:24.000,0.06336034,ok
2023-05-11T06:43:25.000,0.06332128,ok
2023-05-11T06:43:26.000,0.06324315,ok
2023-05-11T06:43:27.000,0.06332128,ok
2023-05-11T06:43:28.000,0.06332128,ok
2023-05-11T06:43:29.000,0.063282214,ok
2023-05-11T06:43:30.000,0.063282214,ok
2023-05-11T06:43:31.000,0.063282214,ok
2023-05-11T06:43:32.000,0.06332128,ok
2023-05-11T06:43:33.000,0.06332128,ok
2023-05-11T06:43:34.000,0.063399404,ok
2023-05-11T06:43:35.000,0.06336034,ok
2023-05-11T06:43:36.000,0.06336034,ok
2023-05-11T06:43:37.000,0.06332128,ok
2023-05-11T06:43:38.000,0.06332128,ok
2023-05-11T06:43:39.000,0.06320409,ok
2023-05-11T06:43:40.000,0.06332128,ok
2023-05-11T06:43:41.000,0.06332128,ok
2023-05-11T06:43:42.000,0.06336034,ok
2023-05-11T06:43:43.000,0.063282214,ok
2023-05-11T06:43:44.000,0.06336034,ok
2023-05-11T06:43:45.000,0.06332128,ok
2023-05-11T06:43:46.000,0.063282214,ok
2023-05-11T06:43:47.000,0.06332128,ok
2023-05-11T06:43:48.000,0.06332128,ok
2023-05-11T06:43:49.000,0.06332128,ok
2023-05-11T06:43:50.000,0.06332128,ok
2023-05-11T06:43:51.000,0.063282214,ok
2023-05-11T06:43:52.000,0.06332128,ok
2023-05-11T06:43:53.000,0.063282214,ok
2023-05-11T06:43:54.000,0.063282214,ok
2023-05-11T06:43:55.000,0.06332128,ok
2023-05-11T06:43:56.000,0.06332128,ok
2023-05-11T06:43:57.000,0.06332128,ok
2023-05-11T06:43:58.000,0.06332128,ok
2023-05-11T06:43:59.000,0.06336034,ok
2023-05-11T06:44:00.000,0.06336034,ok
2023-05-11T06:44:01.000,0.06332128,ok
2023-05-11T06:44:02.000,0.063282214,ok
2023-05-11T06:44:03.000,0.063399404,ok
2023-05-11T06:44:04.000,0.06336034,ok
2023-05-11T06:44:05.000,0.06332128,ok
2023-05-11T06:44:06.000,0.06332128,ok
2023-05-11T06:44:07.000,0.063282214,ok
2023-05-11T06:44:08.000,0.063282214,ok
2023-05-11T06:44:09.000,0.06332128,ok
2023-05-11T06:44:10.000,0.063282214,ok
2023-05-11T06:44:11.000,0.063282214,ok
2023-05-11T06:44:12.000,0.063282214,ok
2023-05-11T06:44:13.000,0.06332128,ok
2023-05-11T06:44:14.000,0.06332128,ok
2023-05-11T06:44:15.000,0.06332128,ok
2023-05-11T06:44:16.000,0.06336034,ok
2023-05-11T06:44:17.000,0.06336034,ok
2023-05-11T06:44:18.000,0.06332128,ok
2023-05-11T06:44:19.000,0.06332128,ok
2023-05-11T06:44:20.000,0.06332128,ok
2023-05-11T06:44:21.000,0.063282214,ok
2023-05-11T06:44:22.000,0.06332128,ok
2023-05-11T06:44:23.000,0.063282214,ok
2023-05-11T06:44:24.000,0.063282214,ok
2023-05-11T06:44:25.000,0.06332128,ok
2023-05-11T06:44:26.000,0.063282214,ok
2023-05-11T06:44:27.000,0.06320409,ok
2023-05-11T06:44:28.000,0.06332128,ok
2023-05-11T06:44:29.000,0.06332128,ok
2023-05-11T06:44:30.000,0.06332128,ok
2023-05-11T06:44:31.000,0.06332128,ok
2023-05-11T06:44:32.000,0.06332128,ok
2023-05-11T06:44:33.000,0.063282214,ok
2023-05-11T06:44:34.000,0.06332128,ok
2023-05-11T06:44:35.000,0.06332128,ok
2023-05-11T06:44:36.000,0.06332128,ok
2023-05-11T06:44:37.000,0.063282214,ok
2023-05-11T06:44:38.000,0.06332128,ok
2023-05-11T06:44:39.000,0.06332128,ok
2023-05-11T06:44:40.000,0.06332128,ok
2023-05-11T06:44:41.000,0.06336034,ok
2023-05-11T06:44:42.000,0.06332128,ok
2023-05-11T06:44:43.000,0.063282214,ok
2023-05-11T06:44:44.000,0.06332128,ok
2023-05-11T06:44:45.000,0.06332128,ok
2023-05-11T06:44:46.000,0.06332128,ok
2023-05-11T06:44:47.000,0.06332128,ok
2023-05-11T06:44:48.000,0.06332128,ok
2023-05-11T06:44:49.000,0.063282214,ok
2023-05-11T06:44:50.000,0.06332128,ok
2023-05-11T06:44:51.000,0.06336034,ok
2023-05-11T06:44:52.000,0.06336034,ok
2023-05-11T06:44:53.000,0.063282214,ok
2023-05-11T06:44:54.000,0.063399404,ok
2023-05-11T06:44:55.000,0.06332128,ok
2023-05-11T06:44:56.000,0.06332128,ok
2023-05-11T06:44:57.000,0.06332128,ok
2023-05-11T06:44:58.000,0.06332128,ok
2023-05-11T06:44:59.000,0.06336034,ok
2023-05-11T06:45:00.000,0.06336034,ok
2023-05-11T06:45:01.000,0.063399404,ok
2023-05-11T06:45:02.000,0.06336034,ok
2023-05-11T06:45:03.000,0.063282214,ok
2023-05-11T06:45:04.000,0.06332128,ok
2023-05-11T06:45:05.000,0.06332128,ok
2023-05-11T06:45:06.000,0.063282214,ok
2023-05-11T06:45:07.000,0.06332128,ok
2023-05-11T06:45:08.000,0.06324315,ok
2023-05-11T06:45:09.000,0.06336034,ok
2023-05-11T06:45:10.000,0.06332128,ok
2023-05-11T06:45:11.000,0.06332128,ok
2023-05-11T06:45:12.000,0.063282214,ok
2023-05-11T06:45:13.000,0.06332128,ok
2023-05-11T06:45:14.000,0.06332128,ok
2023-05-11T06:45:15.000,0.06336034,ok
2023-05-11T06:45:16.000,0.06332128,ok
2023-05-11T06:45:17.000,0.06332128,ok
2023-05-11T06:45:18.000,0.06336034,ok
2023-05-11T06:45:19.000,0.063282214,ok
2023-05-11T06:45:20.000,0.06332128,ok
2023-05-11T06:45:21.000,0.06332128,ok
2023-05-11T06:45:22.000,0.063282214,ok
2023-05-11T06:45:23.000,0.06332128,ok
2023-05-11T06:45:24.000,0.06332128,ok
2023-05-11T06:45:25.000,0.06324315,ok
2023-05-11T06:45:26.000,0.063282214,ok
2023-05-11T06:45:27.000,0.06332128,ok
2023-05-11T06:45:28.000,0.06332128,ok
2023-05-11T06:45:29.000,0.06336034,ok
2023-05-11T06:45:30.000,0.06332128,ok
2023-05-11T06:45:31.000,0.06336034,ok
2023-05-11T06:45:32.000,0.06336034,ok
2023-05-11T06:45:33.000,0.06332128,ok
2023-05-11T06:45:34.000,0.06332128,ok
2023-05-11T06:45:35.000,0.06336034,ok
2023-05-11T06:45:36.000,0.06332128,ok
2023-05-11T06:45:37.000,0.06332128,ok
2023-05-11T06:45:38.000,0.06332128,ok
2023-05-11T06:45:39.000,0.06332128,ok
2023-05-11T06:45:40.000,0.06332128,ok
2023-05-11T06:45:41.000,0.06336034,ok
2023-05-11T06:45:42.000,0.06336034,ok
2023-05-11T06:45:43.000,0.06336034,ok
2023-05-11T06:45:44.000,0.06332128,ok
2023-05-11T06:45:45.000,0.06332128,ok
2023-05-11T06:45:46.000,0.06332128,ok
2023-05-11T06:45:47.000,0.063282214,ok
2023-05-11T06:45:48.000,0.06336034,ok
2023-05-11T06:45:49.000,0.06336034,ok
2023-05-11T06:45:50.000,0.063282214,ok
2023-05-11T06:45:51.000,0.06332128,ok
2023-05-11T06:45:52.000,0.06332128,ok
2023-05-11T06:45:53.000,0.06332128,ok
2023-05-11T06:45:54.000,0.06336034,ok
2023-05-11T06:45:55.000,0.06336034,ok
2023-05-11T06:45:56.000,0.06332128,ok
2023-05-11T06:45:57.000,0.06332128,ok
2023-05-11T06:45:58.000,0.06336034,ok
2023-05-11T06:45:59.000,0.06336034,ok
2023-05-11T06:46:00.000,0.06332128,ok
2023-05-11T06:46:01.000,0.06332128,ok
2023-05-11T06:46:02.000,0.06336034,ok
2023-05-11T06:46:03.000,0.06336034,ok
2023-05-11T06:46:04.000,0.063282214,ok
2023-05-11T06:46:05.000,0.06332128,ok
2023-05-11T06:46:06.000,0.06332128,ok
2023-05-11T06:46:07.000,0.063282214,ok
2023-05-11T06:46:08.000,0.06332128,ok
2023-05-11T06:46:09.000,0.06332128,ok
2023-05-11T06:46:10.000,0.06332128,ok
2023-05-11T06:46:11.000,0.06336034,ok
2023-05-11T06:46:12.000,0.06336034,ok
2023-05-11T06:46:13.000,0.06332128,ok
2023-05-11T06:46:14.000,0.06332128,ok
2023-05-11T06:46:15.000,0.06332128,ok
2023-05-11T06:46:16.000,0.06332128,ok
2023-05-11T06:46:17.000,0.06332128,ok
2023-05-11T06:46:18.000,0.06336034,ok
2023-05-11T06:46:19.000,0.06336034,ok
2023-05-11T06:46:20.000,0.06336034,ok
2023-05-11T06:46:21.000,0.063282214,ok
2023-05-11T06:46:22.000,0.06332128,ok
2023-05-11T06:46:23.000,0.06332128,ok
2023-05-11T06:46:24.000,0.06332128,ok
2023-05-11T06:46:25.000,0.063282214,ok
2023-05-11T06:46:26.000,0.06332128,ok
2023-05-11T06:46:27.000,0.06336034,ok
2023-05-11T06:46:28.000,0.06336034,ok
2023-05-11T06:46:29.000,0.06332128,ok
2023-05-11T06:46:30.000,0.063399404,ok
2023-05-11T06:46:31.000,0.06332128,ok
2023-05-11T06:46:32.000,0.06332128,ok
2023-05-11T06:46:33.000,0.06336034,ok
2023-05-11T06:46:34.000,0.06336034,ok
2023-05-11T06:46:35.000,0.06332128,ok
2023-05-11T06:46:36.000,0.06332128,ok
2023-05-11T06:46:37.000,0.06332128,ok
2023-05-11T06:46:38.000,0.06332128,ok
2023-05-11T06:46:39.000,0.06332128,ok
2023-05-11T06:46:40.000,0.06332128,ok
2023-05-11T06:46:41.000,0.06336034,ok
2023-05-11T06:46:42.000,0.06332128,ok
2023-05-11T06:46:43.000,0.06336034,ok
2023-05-11T06:46:44.000,0.06336034,ok
2023-05-11T06:46:45.000,0.06332128,ok
2023-05-11T06:46:46.000,0.06332128,ok
2023-05-11T06:46:47.000,0.06332128,ok
2023-05-11T06:46:48.000,0.06336034,ok
2023-05-11T06:46:49.000,0.06332128,ok
2023-05-11T06:46:50.000,0.06332128,ok
2023-05-11T06:46:51.000,0.06332128,ok
2023-05-11T06:46:52.000,0.06332128,ok
2023-05-11T06:46:53.000,0.063282214,ok
2023-05-11T06:46:54.000,0.06336034,ok
2023-05-11T06:46:55.000,0.06336034,ok
2023-05-11T06:46:56.000,0.06332128,ok
2023-05-11T06:46:57.000,0.06332128,ok
2023-05-11T06:46:58.000,0.063399404,ok
2023-05-11T06:46:59.000,0.06336034,ok
2023-05-11T06:47:00.000,0.06336034,ok
2023-05-11T06:47:01.000,0.06336034,ok
2023-05-11T06:47:02.000,0.06332128,ok
2023-05-11T06:47:03.000,0.06336034,ok
2023-05-11T06:47:04.000,0.06336034,ok
2023-05-11T06:47:05.000,0.06332128,ok
2023-05-11T06:47:06.000,0.06336034,ok
2023-05-11T06:47:07.000,0.06332128,ok
2023-05-11T06:47:08.000,0.06336034,ok
2023-05-11T06:47:09.000,0.06336034,ok
2023-05-11T06:47:10.000,0.06336034,ok
2023-05-11T06:47:11.000,0.063399404,ok
2023-05-11T06:47:12.000,0.063399404,ok
2023-05-11T06:47:13.000,0.06336034,ok
2023-05-11T06:47:14.000,0.06336034,ok
2023-05-11T06:47:15.000,0.06332128,ok
2023-05-11T06:47:16.000,0.06336034,ok
2023-05-11T06:47:17.000,0.06336034,ok
2023-05-11T06:47:18.000,0.06332128,ok
2023-05-11T06:47:19.000,0.06332128,ok
2023-05-11T06:47:20.000,0.06332128,ok
2023-05-11T06:47:21.000,0.06332128,ok
2023-05-11T06:47:22.000,0.063399404,ok
2023-05-11T06:47:23.000,0.06336034,ok
2023-05-11T06:47:24.000,0.063399404,ok
2023-05-11T06:47:25.000,0.063165024,ok
2023-05-11T06:47:26.000,0.063282214,ok
2023-05-11T06:47:27.000,0.06336034,ok
2023-05-11T06:47:28.000,0.06332128,ok
2023-05-11T06:47:29.000,0.06332128,ok
2023-05-11T06:47:30.000,0.06336034,ok
2023-05-11T06:47:31.000,0.06336034,ok
2023-05-11T06:47:32.000,0.06332128,ok
2023-05-11T06:47:33.000,0.06336034,ok
2023-05-11T06:47:34.000,0.06336034,ok
2023-05-11T06:47:35.000,0.063282214,ok
2023-05-11T06:47:36.000,0.063399404,ok
2023-05-11T06:47:37.000,0.06336034,ok
2023-05-11T06:47:38.000,0.063399404,ok
2023-05-11T06:47:39.000,0.06332128,ok
2023-05-11T06:47:40.000,0.06336034,ok
2023-05-11T06:47:41.000,0.06336034,ok
2023-05-11T06:47:42.000,0.06332128,ok
2023-05-11T06:47:43.000,0.06332128,ok
2023-05-11T06:47:44.000,0.063399404,ok
2023-05-11T06:47:45.000,0.06336034,ok
2023-05-11T06:47:46.000,0.063282214,ok
2023-05-11T06:47:47.000,0.06332128,ok
2023-05-11T06:47:48.000,0.06336034,ok
2023-05-11T06:47:49.000,0.06332128,ok
2023-05-11T06:47:50.000,0.06336034,ok
2023-05-11T06:47:51.000,0.06336034,ok
2023-05-11T06:47:52.000,0.06336034,ok
2023-05-11T06:47:53.000,0.06336034,ok
2023-05-11T06:47:54.000,0.06336034,ok
2023-05-11T06:47:55.000,0.06336034,ok
2023-05-11T06:47:56.000,0.06336034,ok
2023-05-11T06:47:57.000,0.063399404,ok
2023-05-11T06:47:58.000,0.063399404,ok
2023-05-11T06:47:59.000,0.06336034,ok
2023-05-11T06:48:00.000,0.063399404,ok
2023-05-11T06:48:01.000,0.063399404,ok
2023-05-11T06:48:02.000,0.063399404,ok
2023-05-11T06:48:03.000,0.063399404,ok
2023-05-11T06:48:04.000,0.06343847,ok
2023-05-11T06:48:05.000,0.063399404,ok
2023-05-11T06:48:06.000,0.063399404,ok
2023-05-11T06:48:07.000,0.06343847,ok
2023-05-11T06:48:08.000,0.06343847,ok
2023-05-11T06:48:09.000,0.06347753,ok
2023-05-11T06:48:10.000,0.06347753,ok
2023-05-11T06:48:11.000,0.06343847,ok
2023-05-11T06:48:12.000,0.06355566,ok
2023-05-11T06:48:13.000,0.06347753,ok
2023-05-11T06:48:14.000,0.063516594,ok
2023-05-11T06:48:15.000,0.06359472,ok
2023-05-11T06:48:16.000,0.06371191,ok
2023-05-11T06:48:17.000,0.063516594,ok
2023-05-11T06:48:18.000,0.063633785,ok
2023-05-11T06:48:19.000,0.06367285,ok
2023-05-11T06:48:20.000,0.063633785,ok
2023-05-11T06:48:21.000,0.063633785,ok
2023-05-11T06:48:22.000,0.06367285,ok
2023-05-11T06:48:23.000,0.06367285,ok
2023-05-11T06:48:24.000,0.06371191,ok
2023-05-11T06:48:25.000,0.06359472,ok
2023-05-11T06:48:26.000,0.06367285,ok
2023-05-11T06:48:27.000,0.06371191,ok
2023-05-11T06:48:28.000,0.06371191,ok
2023-05-11T06:48:29.000,0.063633785,ok
2023-05-11T06:48:31.000,0.063633785,ok
2023-05-11T06:48:31.000,0.063633785,ok
2023-05-11T06:48:32.000,0.06367285,ok
2023-05-11T06:48:33.000,0.06355566,ok
2023-05-11T06:48:34.000,0.06367285,ok
2023-05-11T06:48:35.000,0.063633785,ok
2023-05-11T06:48:36.000,0.063633785,ok
2023-05-11T06:48:37.000,0.063633785,ok
2023-05-11T06:48:38.000,0.063633785,ok
2023-05-11T06:48:39.000,0.063633785,ok
2023-05-11T06:48:40.000,0.06347753,ok
2023-05-11T06:48:41.000,0.06355566,ok
2023-05-11T06:48:42.000,0.063516594,ok
2023-05-11T06:48:43.000,0.06347753,ok
2023-05-11T06:48:44.000,0.06347753,ok
2023-05-11T06:48:45.000,0.06347753,ok
2023-05-11T06:48:46.000,0.06347753,ok
2023-05-11T06:48:47.000,0.063516594,ok
2023-05-11T06:48:48.000,0.06347753,ok
2023-05-11T06:48:49.000,0.06347753,ok
2023-05-11T06:48:50.000,0.06343847,ok
2023-05-11T06:48:51.000,0.06347753,ok
2023-05-11T06:48:52.000,0.06343847,ok
2023-05-11T06:48:53.000,0.06343847,ok
2023-05-11T06:48:54.000,0.06343847,ok
2023-05-11T06:48:55.000,0.063399404,ok
2023-05-11T06:48:56.000,0.06343847,ok
2023-05-11T06:48:57.000,0.063399404,ok
2023-05-11T06:48:58.000,0.06343847,ok
2023-05-11T06:48:59.000,0.063399404,ok
2023-05-11T06:49:00.000,0.06336034,ok
2023-05-11T06:49:01.000,0.06336034,ok
2023-05-11T06:49:02.000,0.063399404,ok
2023-05-11T06:49:03.000,0.06336034,ok
2023-05-11T06:49:04.000,0.06332128,ok
2023-05-11T06:49:05.000,0.06336034,ok
2023-05-11T06:49:06.000,0.063399404,ok
2023-05-11T06:49:07.000,0.06332128,ok
2023-05-11T06:49:08.000,0.06336034,ok
2023-05-11T06:49:09.000,0.063399404,ok
2023-05-11T06:49:10.000,0.063399404,ok
2023-05-11T06:49:11.000,0.063399404,ok
2023-05-11T06:49:12.000,0.06336034,ok
2023-05-11T06:49:13.000,0.06336034,ok
2023-05-11T06:49:14.000,0.06336034,ok
2023-05-11T06:49:15.000,0.06336034,ok
2023-05-11T06:49:16.000,0.063282214,ok
2023-05-11T06:49:17.000,0.06336034,ok
2023-05-11T06:49:18.000,0.063399404,ok
2023-05-11T06:49:19.000,0.063399404,ok
2023-05-11T06:49:20.000,0.06332128,ok
2023-05-11T06:49:21.000,0.06336034,ok
2023-05-11T06:49:22.000,0.063399404,ok
2023-05-11T06:49:23.000,0.06336034,ok
2023-05-11T06:49:24.000,0.06336034,ok
2023-05-11T06:49:25.000,0.06336034,ok
2023-05-11T06:49:26.000,0.063282214,ok
2023-05-11T06:49:27.000,0.06336034,ok
2023-05-11T06:49:28.000,0.06336034,ok
2023-05-11T06:49:29.000,0.06336034,ok
2023-05-11T06:49:30.000,0.06332128,ok
2023-05-11T06:49:31.000,0.06336034,ok
2023-05-11T06:49:32.000,0.06332128,ok
2023-05-11T06:49:33.000,0.06332128,ok
2023-05-11T06:49:34.000,0.063399404,ok
2023-05-11T06:49:35.000,0.06336034,ok
2023-05-11T06:49:36.000,0.06332128,ok
2023-05-11T06:49:37.000,0.06332128,ok
2023-05-11T06:49:38.000,0.06332128,ok
2023-05-11T06:49:39.000,0.063399404,ok
2023-05-11T06:49:40.000,0.063399404,ok
2023-05-11T06:49:41.000,0.06332128,ok
2023-05-11T06:49:42.000,0.06332128,ok
2023-05-11T06:49:43.000,0.06332128,ok
2023-05-11T06:49:44.000,0.06332128,ok
2023-05-11T06:49:45.000,0.06336034,ok
2023-05-11T06:49:46.000,0.06336034,ok
2023-05-11T06:49:47.000,0.063399404,ok
2023-05-11T06:49:48.000,0.06336034,ok
2023-05-11T06:49:49.000,0.06336034,ok
2023-05-11T06:49:50.000,0.06336034,ok
2023-05-11T06:49:51.000,0.06336034,ok
2023-05-11T06:49:52.000,0.06332128,ok
2023-05-11T06:49:53.000,0.06332128,ok
2023-05-11T06:49:54.000,0.063399404,ok
2023-05-11T06:49:55.000,0.06336034,ok
2023-05-11T06:49:56.000,0.06336034,ok
2023-05-11T06:49:57.000,0.06336034,ok
2023-05-11T06:49:58.000,0.063399404,ok
2023-05-11T06:49:59.000,0.06332128,ok
2023-05-11T06:50:00.000,0.06336034,ok
2023-05-11T06:50:01.000,0.06332128,ok
2023-05-11T06:50:02.000,0.06336034,ok
2023-05-11T06:50:03.000,0.06332128,ok
2023-05-11T06:50:04.000,0.06343847,ok
2023-05-11T06:50:05.000,0.06336034,ok
2023-05-11T06:50:06.000,0.063399404,ok
2023-05-11T06:50:07.000,0.063399404,ok
2023-05-11T06:50:08.000,0.06336034,ok
2023-05-11T06:50:09.000,0.06336034,ok
2023-05-11T06:50:10.000,0.06332128,ok
2023-05-11T06:50:11.000,0.063399404,ok
2023-05-11T06:50:12.000,0.063399404,ok
2023-05-11T06:50:13.000,0.06332128,ok
2023-05-11T06:50:14.000,0.06336034,ok
2023-05-11T06:50:15.000,0.06336034,ok
2023-05-11T06:50:16.000,0.063399404,ok
2023-05-11T06:50:17.000,0.06336034,ok
2023-05-11T06:50:18.000,0.06336034,ok
2023-05-11T06:50:19.000,0.063399404,ok
2023-05-11T06:50:20.000,0.063399404,ok
2023-05-11T06:50:21.000,0.063399404,ok
2023-05-11T06:50:22.000,0.06336034,ok
2023-05-11T06:50:23.000,0.06336034,ok
2023-05-11T06:50:24.000,0.06336034,ok
2023-05-11T06:50:25.000,0.063282214,ok
2023-05-11T06:50:26.000,0.06332128,ok
2023-05-11T06:50:27.000,0.06332128,ok
2023-05-11T06:50:28.000,0.06336034,ok
2023-05-11T06:50:29.000,0.06336034,ok
2023-05-11T06:50:30.000,0.06332128,ok
2023-05-11T06:50:31.000,0.06332128,ok
2023-05-11T06:50:32.000,0.063399404,ok
2023-05-11T06:50:33.000,0.063399404,ok
2023-05-11T06:50:34.000,0.06336034,ok
2023-05-11T06:50:35.000,0.06336034,ok
2023-05-11T06:50:36.000,0.06336034,ok
2023-05-11T06:50:37.000,0.06336034,ok
2023-05-11T06:50:38.000,0.06336034,ok
2023-05-11T06:50:39.000,0.06336034,ok
2023-05-11T06:50:40.000,0.06336034,ok
2023-05-11T06:50:41.000,0.06336034,ok
2023-05-11T06:50:42.000,0.06336034,ok
2023-05-11T06:50:43.000,0.06336034,ok
2023-05-11T06:50:44.000,0.06336034,ok
2023-05-11T06:50:45.000,0.06336034,ok
2023-05-11T06:50:46.000,0.063399404,ok
2023-05-11T06:50:47.000,0.06336034,ok
2023-05-11T06:50:48.000,0.063399404,ok
2023-05-11T06:50:49.000,0.063399404,ok
2023-05-11T06:50:50.000,0.06336034,ok
2023-05-11T06:50:51.000,0.063399404,ok
2023-05-11T06:50:52.000,0.06336034,ok
2023-05-11T06:50:53.000,0.06336034,ok
2023-05-11T06:50:54.000,0.06332128,ok
2023-05-11T06:50:55.000,0.06336034,ok
2023-05-11T06:50:56.000,0.06336034,ok
2023-05-11T06:50:57.000,0.063399404,ok
2023-05-11T06:50:58.000,0.063399404,ok
2023-05-11T06:50:59.000,0.063399404,ok
2023-05-11T06:51:00.000,0.06336034,ok
2023-05-11T06:51:01.000,0.06332128,ok
2023-05-11T06:51:02.000,0.06336034,ok
2023-05-11T06:51:03.000,0.06332128,ok
2023-05-11T06:51:05.000,0.06336034,ok
2023-05-11T06:51:05.000,0.06336034,ok
2023-05-11T06:51:06.000,0.06336034,ok
2023-05-11T06:51:07.000,0.06336034,ok
2023-05-11T06:51:08.000,0.06336034,ok
2023-05-11T06:51:09.000,0.06332128,ok
2023-05-11T06:51:10.000,0.06336034,ok
2023-05-11T06:51:11.000,0.063399404,ok
2023-05-11T06:51:12.000,0.06336034,ok
2023-05-11T06:51:13.000,0.063399404,ok
2023-05-11T06:51:14.000,0.063399404,ok
2023-05-11T06:51:15.000,0.06336034,ok
2023-05-11T06:51:16.000,0.063399404,ok
2023-05-11T06:51:17.000,0.06332128,ok
2023-05-11T06:51:18.000,0.06336034,ok
2023-05-11T06:51:19.000,0.06336034,ok
2023-05-11T06:51:20.000,0.06336034,ok
2023-05-11T06:51:21.000,0.06336034,ok
2023-05-11T06:51:22.000,0.063399404,ok
2023-05-11T06:51:23.000,0.06336034,ok
2023-05-11T06:51:24.000,0.06343847,ok
2023-05-11T06:51:25.000,0.06324315,ok
2023-05-11T06:51:26.000,0.06336034,ok
2023-05-11T06:51:27.000,0.063399404,ok
2023-05-11T06:51:28.000,0.06336034,ok
2023-05-11T06:51:29.000,0.06336034,ok
2023-05-11T06:51:30.000,0.06332128,ok
2023-05-11T06:51:31.000,0.063399404,ok
2023-05-11T06:51:32.000,0.06336034,ok
2023-05-11T06:51:33.000,0.063399404,ok
2023-05-11T06:51:34.000,0.063399404,ok
2023-05-11T06:51:35.000,0.06336034,ok
2023-05-11T06:51:36.000,0.06332128,ok
2023-05-11T06:51:37.000,0.06336034,ok
2023-05-11T06:51:38.000,0.063399404,ok
2023-05-11T06:51:39.000,0.06332128,ok
2023-05-11T06:51:40.000,0.06336034,ok
2023-05-11T06:51:41.000,0.063399404,ok
2023-05-11T06:51:42.000,0.063399404,ok
2023-05-11T06:51:43.000,0.063399404,ok
2023-05-11T06:51:44.000,0.06336034,ok
2023-05-11T06:51:45.000,0.06336034,ok
2023-05-11T06:51:46.000,0.063399404,ok
2023-05-11T06:51:47.000,0.06336034,ok
